{
  "pageElement" : {
    "pageElements" : [ {
      "definition" : {
        "fragment" : {
          "key" : "master-layout"
        },
        "fragmentConfig" : { },
        "fragmentFields" : [ ]
      },
      "pageElements" : [ {
        "pageElements" : [ {
          "definition" : {
            "fragment" : {
              "key" : "side-navigation"
            },
            "fragmentConfig" : { },
            "fragmentFields" : [ ]
          },
          "type" : "Fragment"
        } ],
        "type" : "FragmentDropZone"
      }, {
        "pageElements" : [ {
          "definition" : {
            "fragment" : {
              "key" : "top-bar-navigation"
            },
            "fragmentConfig" : { },
            "fragmentFields" : [ {
              "id" : "showAll",
              "value" : {
                "fragmentLink" : {
                  "value_i18n" : { }
                }
              }
            } ]
          },
          "type" : "Fragment"
        } ],
        "type" : "FragmentDropZone"
      }, {
        "pageElements" : [ {
          "definition" : {
            "fragmentSettings" : {
              "unallowedFragments" : [ ]
            }
          },
          "type" : "DropZone"
        } ],
        "type" : "FragmentDropZone"
      } ],
      "type" : "Fragment"
    } ],
    "type" : "Root"
  },
  "settings" : {
    "colorSchemeName" : "01",
    "css" : ".custom-dialog .lfr-product-menu-panel\n{\ndisplay:none!important;\n}",
    "styleBook" : {
      "key" : "test",
      "name" : "Main"
    },
    "themeName" : "lr intranet theme"
  },
  "version" : 1.1
}